Gender,Married,Dependents,Education,Self_Employed,LoanAmount,Loan_Amount_Term,Credit_History,Property_Area,Loan_Status,TotalIncome_log
Male,No,0,Graduate,No,128.0,360.0,1.0,Urban,Y,8.674025985443025
Male,Yes,1,Graduate,No,128.0,360.0,1.0,Rural,N,8.714567550836485
Male,Yes,0,Graduate,Yes,66.0,360.0,1.0,Urban,Y,8.006367567650246
Male,Yes,0,Not Graduate,No,120.0,360.0,1.0,Urban,Y,8.50532301884575
Male,No,0,Graduate,No,141.0,360.0,1.0,Urban,Y,8.699514748210191
Male,Yes,2,Graduate,Yes,267.0,360.0,1.0,Urban,Y,9.170871628065816
Male,Yes,0,Not Graduate,No,95.0,360.0,1.0,Urban,Y,8.255568653283746
Male,Yes,3,Graduate,No,158.0,360.0,0.0,Semiurban,N,8.61974977974133
Male,Yes,2,Graduate,No,168.0,360.0,1.0,Urban,Y,8.61830469278465
Male,Yes,1,Graduate,No,349.0,360.0,1.0,Semiurban,N,10.077818939438902
Male,Yes,2,Graduate,No,70.0,360.0,1.0,Urban,Y,8.268731832117737
Male,Yes,2,Graduate,No,109.0,360.0,1.0,Urban,Y,8.375629627094451
Male,Yes,2,Graduate,No,200.0,360.0,1.0,Urban,Y,9.321792297270326
Male,No,0,Graduate,No,114.0,360.0,1.0,Rural,N,8.453827315794417
Male,Yes,2,Graduate,No,17.0,120.0,1.0,Urban,Y,7.776954403322442
Male,No,0,Graduate,No,125.0,360.0,1.0,Urban,Y,8.507142855562735
Male,No,1,Not Graduate,No,100.0,240.0,1.0,Urban,Y,8.18757739559151
Female,No,0,Graduate,No,76.0,360.0,0.0,Urban,N,8.163371316459912
Male,Yes,0,Not Graduate,No,133.0,360.0,1.0,Rural,N,8.494333897270154
Male,Yes,0,Graduate,No,115.0,360.0,1.0,Urban,Y,8.716044050161402
Male,Yes,0,Not Graduate,No,104.0,360.0,0.0,Urban,N,8.943767262734637
Male,Yes,1,Graduate,No,315.0,360.0,1.0,Urban,Y,9.357034751126987
Male,Yes,0,Not Graduate,No,116.0,360.0,0.0,Semiurban,N,8.414274137408396
Male,Yes,2,Not Graduate,No,112.0,360.0,0.0,Rural,N,8.572060092857077
Male,Yes,1,Graduate,No,151.0,360.0,1.0,Semiurban,N,8.801168401936692
Male,Yes,0,Graduate,Yes,191.0,360.0,1.0,Semiurban,Y,9.165343006045447
Male,Yes,0,Graduate,No,122.0,360.0,1.0,Semiurban,Y,8.527539483470381
Male,Yes,2,Not Graduate,No,110.0,360.0,1.0,Urban,Y,8.569026340056254
Male,No,0,Not Graduate,No,35.0,360.0,1.0,Urban,N,7.273786317844895
Female,No,2,Graduate,No,120.0,360.0,1.0,Semiurban,Y,8.671286726753637
Male,Yes,1,Graduate,No,201.0,360.0,1.0,Urban,N,8.927314111060596
Male,No,0,Graduate,No,74.0,360.0,1.0,Urban,N,8.06054004653864
Male,No,1,Graduate,Yes,106.0,360.0,1.0,Rural,N,8.453614209773367
Male,Yes,0,Graduate,No,114.0,360.0,1.0,Semiurban,Y,8.550047528287184
Male,No,3,Graduate,No,320.0,360.0,1.0,Rural,N,9.648595302907339
Male,Yes,0,Graduate,No,128.0,360.0,1.0,Urban,Y,8.376090350438238
Male,Yes,0,Graduate,No,100.0,360.0,0.0,Urban,N,8.057694194815587
Female,Yes,0,Graduate,No,144.0,360.0,1.0,Semiurban,Y,8.542080906924017
Male,No,0,Graduate,No,184.0,360.0,1.0,Urban,Y,9.339261152043022
Male,No,0,Not Graduate,No,110.0,360.0,1.0,Semiurban,Y,8.59711281459211
Male,No,0,Graduate,No,80.0,360.0,1.0,Urban,N,8.1886891244442
Male,No,0,Graduate,No,47.0,360.0,1.0,Urban,Y,8.0106915391303
Male,Yes,0,Graduate,No,75.0,360.0,1.0,Urban,Y,7.783224016336037
Male,Yes,0,Graduate,No,134.0,360.0,1.0,Semiurban,Y,8.744647438317532
Male,Yes,0,Not Graduate,Yes,96.0,360.0,1.0,Urban,Y,8.454253391642363
Female,No,0,Graduate,No,88.0,360.0,1.0,Urban,Y,8.134467570277563
Male,Yes,1,Graduate,No,44.0,360.0,1.0,Urban,Y,8.639233817325263
Male,Yes,0,Graduate,No,144.0,360.0,1.0,Urban,Y,8.669227347271736
Female,Yes,0,Graduate,No,120.0,360.0,0.0,Urban,N,8.713582005421628
Female,No,0,Graduate,No,144.0,360.0,1.0,Semiurban,Y,8.744328763999984
Female,Yes,0,Not Graduate,No,100.0,360.0,1.0,Semiurban,Y,8.18088094199639
Female,No,0,Graduate,No,120.0,360.0,1.0,Semiurban,Y,8.034631032923107
Female,No,0,Graduate,No,112.0,360.0,1.0,Semiurban,N,8.349957272040324
Male,Yes,2,Graduate,No,134.0,360.0,1.0,Urban,N,8.437283808187935
Female,Yes,1,Graduate,Yes,286.0,360.0,0.0,Urban,N,9.350102314351341
Male,Yes,2,Graduate,No,97.0,360.0,1.0,Semiurban,Y,8.262300941787448
Male,Yes,0,Graduate,No,96.0,360.0,1.0,Semiurban,Y,8.222285073872717
Male,Yes,0,Graduate,No,135.0,360.0,1.0,Rural,N,8.624431942085836
Male,Yes,1,Graduate,No,180.0,360.0,1.0,Urban,Y,9.242807562113684
Male,Yes,2,Not Graduate,No,144.0,360.0,1.0,Urban,Y,8.734881892047483
Male,Yes,0,Graduate,No,120.0,360.0,1.0,Urban,Y,8.74766979009724
Male,Yes,3,Graduate,No,99.0,360.0,1.0,Urban,Y,8.015987811027237
Male,Yes,0,Not Graduate,Yes,165.0,180.0,0.0,Rural,N,8.709134991587183
Male,Yes,1,Graduate,No,128.0,360.0,0.0,Rural,N,8.506132244056813
Female,No,0,Graduate,No,116.0,360.0,0.0,Semiurban,N,8.334711621820917
Male,Yes,0,Graduate,No,258.0,360.0,1.0,Semiurban,N,9.241935933565934
Male,No,0,Not Graduate,No,126.0,180.0,0.0,Urban,N,8.604104563405533
Male,Yes,1,Graduate,No,312.0,360.0,1.0,Urban,Y,9.28266103355581
Male,Yes,3,Not Graduate,Yes,125.0,60.0,1.0,Urban,Y,8.867850063029406
Female,No,0,Graduate,No,136.0,360.0,0.0,Semiurban,N,8.366370301681654
Male,Yes,0,Graduate,No,172.0,360.0,1.0,Urban,Y,8.744169388750624
Male,Yes,2,Not Graduate,Yes,97.0,360.0,1.0,Semiurban,Y,8.229511118964457
Male,No,0,Graduate,No,81.0,300.0,1.0,Semiurban,Y,8.160518247477505
Male,Yes,3,Not Graduate,No,95.0,360.0,0.0,Semiurban,N,8.46695197497949
Male,Yes,3,Graduate,Yes,187.0,360.0,1.0,Semiurban,Y,8.859363449152088
Male,No,0,Graduate,No,113.0,480.0,1.0,Urban,N,8.229511118964457
Male,No,0,Graduate,No,176.0,360.0,1.0,Urban,N,9.047821442478408
Male,Yes,1,Graduate,Yes,110.0,360.0,1.0,Urban,N,8.299534570332597
Male,Yes,3,Graduate,No,180.0,300.0,0.0,Semiurban,N,8.877242435993919
Male,Yes,3,Not Graduate,Yes,130.0,360.0,1.0,Semiurban,Y,8.612321536507814
Female,No,0,Graduate,No,111.0,360.0,1.0,Semiurban,Y,8.254788926148725
Male,Yes,1,Graduate,Yes,128.0,360.0,1.0,Semiurban,Y,7.781138509845015
Female,Yes,2,Graduate,No,167.0,360.0,1.0,Urban,N,8.089175678837561
Male,Yes,0,Graduate,No,265.0,360.0,1.0,Semiurban,N,9.017968479328726
Male,Yes,1,Graduate,No,50.0,240.0,1.0,Urban,Y,8.291045131081729
Male,No,0,Graduate,No,136.0,360.0,1.0,Semiurban,Y,8.496378051702317
Male,Yes,2,Not Graduate,No,99.0,360.0,1.0,Semiurban,Y,8.581669210600602
Male,Yes,0,Graduate,No,104.0,360.0,1.0,Semiurban,Y,8.43771698991444
Male,No,0,Graduate,No,210.0,360.0,1.0,Urban,Y,9.055556158175316
Male,Yes,0,Graduate,No,175.0,360.0,1.0,Semiurban,Y,9.196444266784072
Male,Yes,0,Graduate,No,131.0,360.0,1.0,Semiurban,Y,8.675563527387679
Male,Yes,2,Graduate,No,188.0,180.0,1.0,Semiurban,Y,9.384629757072872
Male,Yes,2,Not Graduate,No,81.0,360.0,1.0,Urban,Y,8.535622326884605
Male,No,0,Graduate,No,122.0,360.0,1.0,Semiurban,Y,8.326758814511733
Male,No,0,Not Graduate,No,25.0,120.0,1.0,Semiurban,Y,8.194229304819817
Male,No,0,Graduate,No,128.0,360.0,1.0,Urban,N,8.822027322685583
Female,Yes,0,Graduate,No,137.0,360.0,1.0,Semiurban,Y,8.47345026846832
Male,Yes,0,Graduate,No,50.0,360.0,1.0,Semiurban,Y,7.9976631270201
Male,Yes,0,Not Graduate,No,115.0,180.0,1.0,Semiurban,Y,8.339978571990427
Male,Yes,0,Graduate,No,131.0,360.0,1.0,Semiurban,Y,8.575462099540212
Male,Yes,2,Not Graduate,No,133.0,180.0,1.0,Urban,Y,8.929435283803425
Male,No,0,Graduate,No,151.0,360.0,1.0,Semiurban,Y,9.065198986306513
Male,Yes,0,Graduate,No,128.0,360.0,1.0,Urban,Y,9.521494800613105
Male,Yes,0,Graduate,No,128.0,360.0,1.0,Semiurban,Y,9.016148642611741
Male,Yes,0,Graduate,No,160.0,360.0,1.0,Urban,Y,8.42726848388825
Male,Yes,1,Graduate,No,100.0,360.0,1.0,Urban,Y,8.31434234336979
Male,Yes,2,Graduate,No,225.0,360.0,1.0,Urban,Y,9.436918020024674
Male,No,0,Not Graduate,No,120.0,360.0,1.0,Rural,N,8.9001399880938
Male,Yes,2,Graduate,No,216.0,360.0,0.0,Urban,N,8.909235279192261
Male,Yes,3,Not Graduate,No,94.0,480.0,1.0,Semiurban,Y,7.946263643580541
Male,No,0,Graduate,No,136.0,360.0,1.0,Urban,Y,8.578476419833136
Female,Yes,0,Graduate,No,139.0,360.0,1.0,Semiurban,Y,8.568266461600238
Male,Yes,0,Not Graduate,No,152.0,360.0,0.0,Rural,N,8.94715577112479
Female,No,1,Graduate,Yes,128.0,360.0,1.0,Semiurban,Y,8.916103530553727
Male,No,0,Graduate,No,118.0,360.0,1.0,Semiurban,Y,8.527143522269405
Male,Yes,1,Graduate,No,185.0,180.0,1.0,Rural,Y,9.587611745713565
Female,Yes,0,Graduate,No,154.0,360.0,1.0,Semiurban,Y,8.60337088765729
Male,Yes,1,Graduate,No,85.0,360.0,1.0,Urban,Y,8.192016914536875
Male,Yes,0,Graduate,No,175.0,360.0,1.0,Rural,N,8.950273466557375
Female,No,0,Graduate,No,259.0,360.0,1.0,Urban,Y,9.250330020192342
Male,Yes,0,Graduate,No,180.0,360.0,1.0,Rural,Y,9.0280988119824
Female,No,0,Graduate,No,44.0,360.0,1.0,Semiurban,Y,8.334711621820917
Female,No,0,Graduate,No,137.0,360.0,0.0,Semiurban,Y,9.316230747233615
Male,Yes,2,Graduate,No,81.0,360.0,1.0,Semiurban,Y,7.9919305198524775
Male,Yes,0,Not Graduate,No,194.0,360.0,1.0,Rural,Y,8.750524669117937
Female,No,0,Graduate,No,93.0,360.0,1.0,Rural,Y,8.213923595622743
Male,Yes,3,Graduate,No,370.0,360.0,1.0,Rural,Y,10.077566902136047
Male,No,0,Graduate,No,128.0,360.0,1.0,Rural,Y,8.61341204915678
Male,Yes,1,Graduate,Yes,160.0,180.0,0.0,Urban,N,9.572410734431823
Male,Yes,0,Graduate,No,182.0,360.0,1.0,Rural,N,9.065198986306513
Male,No,0,Graduate,Yes,650.0,480.0,1.0,Urban,Y,9.91175329695316
Male,No,0,Graduate,No,74.0,360.0,1.0,Urban,Y,8.279697133877628
Male,No,0,Graduate,No,70.0,360.0,1.0,Semiurban,Y,7.907651594711089
Male,Yes,0,Graduate,Yes,25.0,120.0,1.0,Semiurban,Y,8.148734808937169
Male,No,0,Graduate,No,102.0,360.0,1.0,Semiurban,Y,8.49596955496461
Male,Yes,3,Graduate,No,290.0,360.0,1.0,Semiurban,N,9.371608519572305
Female,Yes,0,Graduate,No,84.0,360.0,1.0,Rural,N,8.430109084509125
Male,Yes,2,Graduate,Yes,88.0,360.0,1.0,Urban,Y,8.827028068509152
Male,No,0,Graduate,No,242.0,360.0,0.0,Semiurban,N,9.61573881119536
Male,Yes,2,Not Graduate,No,129.0,360.0,1.0,Rural,N,8.635864721133736
Male,Yes,2,Graduate,No,185.0,360.0,1.0,Rural,N,8.871365005136852
Male,No,0,Graduate,No,168.0,360.0,1.0,Urban,Y,8.597297435657898
Male,No,0,Graduate,Yes,175.0,180.0,1.0,Semiurban,Y,8.846496938558838
Male,Yes,0,Graduate,No,122.0,360.0,1.0,Semiurban,Y,8.462103225098277
Male,Yes,2,Graduate,No,187.0,180.0,1.0,Urban,Y,9.372204086867741
Female,Yes,0,Graduate,No,100.0,360.0,1.0,Semiurban,Y,8.827028068509152
Female,Yes,2,Graduate,No,70.0,360.0,1.0,Urban,Y,9.60683200528524
Male,Yes,1,Graduate,No,30.0,360.0,1.0,Urban,Y,7.993957547573565
Female,No,0,Graduate,No,225.0,360.0,1.0,Rural,N,9.364433907313582
Male,Yes,0,Graduate,No,125.0,360.0,1.0,Semiurban,Y,8.646465527120377
Male,No,0,Graduate,No,118.0,360.0,0.0,Rural,N,8.744647438317532
Male,Yes,0,Graduate,Yes,152.0,360.0,1.0,Rural,Y,8.752581469146884
Male,No,0,Graduate,No,244.0,360.0,1.0,Urban,N,9.123256265069069
Male,Yes,2,Not Graduate,No,113.0,360.0,1.0,Rural,N,7.732369222284388
Male,No,0,Graduate,No,50.0,360.0,1.0,Urban,Y,8.087640287778983
Male,Yes,3,Graduate,No,600.0,180.0,0.0,Semiurban,Y,10.596609732783568
Male,Yes,1,Graduate,No,160.0,360.0,1.0,Rural,Y,8.699514748210191
Male,Yes,1,Graduate,No,187.0,360.0,1.0,Urban,Y,9.16303909885817
Male,No,0,Graduate,No,120.0,360.0,1.0,Rural,Y,8.529714471969909
Male,Yes,0,Graduate,No,255.0,360.0,1.0,Semiurban,Y,9.23092700558457
Male,Yes,0,Not Graduate,No,98.0,360.0,1.0,Semiurban,Y,7.973844375944687
Male,Yes,0,Graduate,No,275.0,360.0,1.0,Urban,N,8.978786553302003
Male,Yes,1,Graduate,No,121.0,360.0,0.0,Semiurban,N,8.382289428951436
Male,Yes,2,Graduate,No,158.0,360.0,1.0,Rural,Y,8.633018756921828
Male,Yes,0,Graduate,No,75.0,180.0,1.0,Urban,Y,9.140239744296693
Male,Yes,0,Graduate,No,182.0,360.0,1.0,Rural,Y,8.835355971121606
Female,Yes,0,Graduate,No,112.0,360.0,1.0,Rural,N,8.430109084509125
Male,Yes,0,Graduate,No,129.0,360.0,1.0,Rural,Y,8.660773919893762
Male,No,0,Graduate,No,63.0,480.0,0.0,Semiurban,N,7.71289096149013
Male,Yes,2,Graduate,No,200.0,360.0,1.0,Semiurban,Y,8.987196820661973
Male,Yes,0,Not Graduate,No,95.0,360.0,1.0,Rural,Y,8.185628891147607
Male,Yes,3,Graduate,No,700.0,300.0,1.0,Urban,Y,10.854430887309706
Male,Yes,3,Not Graduate,No,81.0,180.0,1.0,Rural,N,8.166784289056151
Male,Yes,0,Graduate,No,187.0,360.0,1.0,Semiurban,Y,9.335474102732949
Male,Yes,0,Not Graduate,Yes,87.0,360.0,1.0,Semiurban,N,8.533066540572527
Male,Yes,0,Graduate,No,116.0,360.0,1.0,Rural,Y,8.605387202152153
Male,Yes,2,Graduate,No,101.0,360.0,1.0,Rural,Y,8.20631072579402
Male,Yes,3,Graduate,No,495.0,360.0,0.0,Semiurban,N,9.730086093116732
Male,Yes,1,Graduate,No,116.0,360.0,1.0,Semiurban,Y,8.229511118964457
Male,No,0,Not Graduate,No,102.0,480.0,0.0,Urban,N,8.238536930171769
Male,Yes,1,Graduate,No,180.0,360.0,0.0,Urban,N,9.521494800613105
Male,No,0,Graduate,No,67.0,360.0,1.0,Rural,N,8.850660919017152
Male,Yes,0,Graduate,No,73.0,180.0,1.0,Semiurban,Y,8.433811582477187
Male,Yes,1,Graduate,No,260.0,360.0,1.0,Semiurban,N,10.429576102968031
Female,Yes,0,Graduate,No,108.0,360.0,1.0,Semiurban,Y,8.195609567288775
Male,Yes,0,Graduate,Yes,120.0,360.0,1.0,Semiurban,Y,10.689601259598334
Male,Yes,1,Graduate,Yes,66.0,300.0,0.0,Rural,N,7.686162303492906
Male,Yes,0,Graduate,No,58.0,360.0,1.0,Rural,Y,8.416488487294606
Male,Yes,0,Graduate,Yes,168.0,360.0,1.0,Rural,Y,8.694502206386648
Male,Yes,0,Graduate,No,188.0,180.0,1.0,Rural,Y,9.140775908590273
Male,No,0,Not Graduate,No,48.0,360.0,1.0,Rural,Y,8.493924564476883
Male,No,0,Graduate,No,164.0,360.0,1.0,Semiurban,N,9.392661928770137
Male,Yes,0,Not Graduate,No,160.0,360.0,1.0,Urban,N,8.704999678440762
Male,No,0,Graduate,No,76.0,360.0,1.0,Semiurban,Y,8.257904193465674
Male,No,0,Graduate,No,120.0,360.0,1.0,Rural,Y,8.340694647925071
Male,Yes,1,Graduate,No,170.0,360.0,1.0,Semiurban,N,8.649623978596727
Male,No,0,Graduate,No,187.0,360.0,1.0,Rural,Y,9.399554785027307
Female,No,0,Not Graduate,No,120.0,360.0,1.0,Urban,Y,8.35983738064003
Female,Yes,0,Graduate,No,113.0,360.0,1.0,Semiurban,Y,8.737452587550584
Male,No,0,Graduate,Yes,83.0,360.0,1.0,Urban,N,9.305650551780507
Male,Yes,1,Not Graduate,No,90.0,360.0,1.0,Semiurban,Y,8.536995818712418
Male,No,2,Graduate,No,166.0,360.0,0.0,Semiurban,Y,8.5016733797582
Male,Yes,3,Not Graduate,No,128.0,180.0,1.0,Urban,N,8.292047637431354
Male,Yes,1,Not Graduate,No,135.0,360.0,1.0,Urban,Y,8.430109084509125
Male,Yes,2,Not Graduate,No,124.0,360.0,1.0,Semiurban,Y,8.27308133366583
Female,No,0,Not Graduate,No,120.0,360.0,1.0,Semiurban,Y,8.391176350832751
Female,No,0,Graduate,No,80.0,360.0,1.0,Urban,Y,8.084562415235304
Male,No,0,Not Graduate,No,55.0,360.0,1.0,Rural,Y,8.780480107033297
Male,No,0,Graduate,No,59.0,360.0,1.0,Urban,Y,7.8156105320351905
Male,No,0,Graduate,No,127.0,360.0,1.0,Semiurban,N,8.136810863675537
Female,No,0,Graduate,No,214.0,360.0,1.0,Semiurban,N,9.210340371976184
Male,Yes,3,Graduate,No,128.0,360.0,0.0,Semiurban,N,8.451053388911692
Male,Yes,1,Graduate,Yes,240.0,360.0,1.0,Urban,Y,8.960210955576986
Male,Yes,3,Not Graduate,Yes,130.0,360.0,1.0,Rural,Y,8.648747631156539
Male,Yes,0,Graduate,No,137.0,360.0,1.0,Urban,Y,8.731336360533149
Male,Yes,3,Not Graduate,No,100.0,360.0,1.0,Semiurban,Y,8.483222671845084
Male,Yes,0,Graduate,No,135.0,360.0,1.0,Rural,N,7.575584651557793
Male,Yes,0,Graduate,No,131.0,360.0,1.0,Semiurban,Y,8.61286694148452
Male,Yes,2,Graduate,No,72.0,360.0,0.0,Semiurban,N,8.517193191416238
Female,Yes,2,Graduate,No,127.0,360.0,1.0,Semiurban,Y,8.804775258867686
Male,Yes,0,Graduate,No,60.0,360.0,0.0,Urban,N,7.7057128238944275
Male,Yes,2,Graduate,No,116.0,360.0,1.0,Semiurban,Y,8.65277248565806
Male,No,0,Graduate,No,144.0,360.0,1.0,Semiurban,Y,8.659039915644474
Male,Yes,0,Graduate,No,175.0,360.0,1.0,Semiurban,Y,9.058121158998672
Male,Yes,0,Graduate,No,128.0,360.0,1.0,Semiurban,Y,8.740336742730447
Male,Yes,0,Graduate,No,170.0,360.0,1.0,Rural,N,8.086410275323782
Male,Yes,0,Not Graduate,Yes,138.0,360.0,1.0,Urban,N,8.462737005620179
Male,Yes,2,Graduate,No,210.0,360.0,1.0,Semiurban,Y,8.980298078970817
Male,Yes,0,Graduate,No,158.0,480.0,1.0,Semiurban,Y,8.467582690862903
Male,No,0,Graduate,Yes,200.0,360.0,1.0,Rural,Y,8.764053269347762
Male,Yes,1,Graduate,No,104.0,360.0,1.0,Semiurban,Y,8.421783006611578
Male,Yes,0,Graduate,No,42.0,180.0,1.0,Rural,Y,8.22040309993373
Male,No,0,Not Graduate,No,120.0,360.0,1.0,Rural,Y,8.663369301573839
Female,No,0,Graduate,No,280.0,360.0,1.0,Semiurban,Y,9.027978814382207
Male,Yes,1,Graduate,No,140.0,360.0,1.0,Semiurban,Y,8.503905297089302
Male,Yes,1,Graduate,No,170.0,360.0,1.0,Rural,Y,8.81877816903701
Male,Yes,0,Graduate,No,255.0,360.0,1.0,Urban,N,8.656259239539235
Female,No,0,Graduate,Yes,122.0,360.0,1.0,Urban,Y,8.149890544402423
Female,No,1,Graduate,No,112.0,360.0,1.0,Rural,Y,8.245909264774093
Male,Yes,1,Graduate,No,96.0,360.0,1.0,Semiurban,Y,8.106212902619962
Male,Yes,2,Graduate,No,120.0,360.0,1.0,Rural,Y,9.289059126687574
Male,Yes,1,Not Graduate,No,140.0,180.0,1.0,Urban,N,8.41027590907016
Male,No,0,Graduate,No,155.0,60.0,1.0,Urban,Y,9.067162602299854
Male,Yes,2,Graduate,Yes,108.0,360.0,1.0,Rural,Y,8.92930284224307
Male,Yes,0,Not Graduate,No,123.0,360.0,1.0,Semiurban,Y,8.96482339168508
Male,No,0,Graduate,Yes,120.0,180.0,1.0,Urban,N,9.247925132303454
Male,Yes,2,Graduate,No,112.0,360.0,1.0,Urban,Y,9.1801903950253
Male,Yes,1,Not Graduate,No,137.0,180.0,1.0,Urban,Y,8.796036315200814
Male,Yes,1,Graduate,No,123.0,480.0,1.0,Semiurban,Y,8.460622839927844
Male,Yes,0,Graduate,No,90.0,360.0,1.0,Urban,Y,8.209852481301272
Male,Yes,0,Not Graduate,No,201.0,360.0,0.0,Semiurban,N,8.62299361030245
Female,No,2,Graduate,No,138.0,360.0,1.0,Urban,N,8.139440521874608
Male,No,0,Not Graduate,Yes,104.0,360.0,1.0,Rural,Y,8.465899897028686
Male,Yes,1,Not Graduate,No,279.0,180.0,1.0,Semiurban,Y,9.186252576447092
Male,No,0,Graduate,Yes,192.0,360.0,0.0,Urban,N,9.695848187757884
Female,No,3,Graduate,No,255.0,360.0,1.0,Rural,Y,8.03365842788615
Male,No,0,Not Graduate,No,115.0,360.0,0.0,Rural,N,8.706986763048892
Male,Yes,3,Graduate,No,94.0,360.0,1.0,Urban,N,8.565983355585669
Male,Yes,0,Graduate,No,304.0,360.0,1.0,Rural,N,9.72812174830818
Male,Yes,3,Not Graduate,No,128.0,360.0,1.0,Semiurban,N,8.503297086224126
Male,Yes,1,Graduate,No,330.0,360.0,1.0,Urban,Y,9.243097936214355
Male,No,0,Graduate,No,134.0,360.0,1.0,Semiurban,Y,8.359134886757962
Female,No,1,Graduate,No,155.0,36.0,1.0,Semiurban,N,8.15507488781144
Female,No,0,Graduate,No,120.0,360.0,1.0,Rural,Y,8.881836305004146
Male,No,0,Graduate,Yes,128.0,360.0,1.0,Semiurban,Y,8.549853973655786
Male,No,0,Graduate,No,151.0,360.0,1.0,Rural,Y,8.928242677818302
Male,Yes,2,Graduate,No,150.0,360.0,1.0,Semiurban,Y,8.715224041915372
Male,Yes,3,Graduate,No,160.0,360.0,0.0,Urban,Y,8.723231274827508
Female,No,0,Graduate,No,135.0,360.0,1.0,Rural,N,8.136810863675537
Female,No,1,Graduate,No,90.0,360.0,1.0,Urban,Y,8.397508348470257
Female,No,0,Graduate,No,30.0,360.0,1.0,Urban,Y,8.082402253926244
Male,Yes,0,Graduate,No,136.0,360.0,1.0,Urban,Y,9.318835968129482
Male,No,0,Graduate,No,126.0,360.0,1.0,Rural,Y,8.453187861440325
Male,Yes,0,Graduate,No,150.0,360.0,1.0,Semiurban,Y,8.48528964240323
Male,Yes,2,Graduate,No,90.0,360.0,1.0,Semiurban,Y,8.268731832117737
Male,Yes,1,Graduate,No,115.0,360.0,1.0,Semiurban,Y,8.432070937999402
Male,Yes,0,Graduate,No,207.0,360.0,1.0,Semiurban,Y,8.891098830616636
Male,Yes,0,Graduate,No,80.0,360.0,1.0,Urban,Y,8.390041405755754
Male,Yes,0,Graduate,No,436.0,360.0,1.0,Semiurban,Y,9.587611745713565
Female,Yes,0,Not Graduate,No,124.0,360.0,1.0,Rural,Y,8.318742252692399
Male,No,1,Not Graduate,Yes,158.0,360.0,0.0,Urban,N,8.776321456449958
Male,Yes,0,Graduate,No,112.0,360.0,1.0,Semiurban,Y,8.461046030793236
Male,Yes,2,Graduate,No,78.0,180.0,1.0,Urban,Y,8.097669722345216
Female,No,0,Graduate,No,54.0,360.0,1.0,Urban,Y,8.153925132007862
Male,Yes,0,Graduate,No,128.0,360.0,1.0,Rural,N,9.936293504261306
Male,No,0,Graduate,No,89.0,360.0,1.0,Rural,Y,8.734077192559303
Female,No,0,Graduate,Yes,99.0,300.0,1.0,Semiurban,N,8.370315995555478
Male,Yes,0,Graduate,No,120.0,360.0,1.0,Rural,Y,8.648922962094131
Female,No,0,Graduate,No,115.0,360.0,1.0,Semiurban,Y,8.32457884513685
Male,No,0,Graduate,No,187.0,360.0,1.0,Rural,Y,9.159888828480085
Male,Yes,0,Graduate,No,139.0,360.0,1.0,Rural,Y,8.610865667278873
Male,Yes,2,Graduate,No,127.0,360.0,0.0,Semiurban,N,8.389359819906353
Male,Yes,2,Graduate,No,134.0,360.0,1.0,Urban,Y,8.45807992692373
Female,No,0,Graduate,No,143.0,480.0,0.0,Urban,N,8.597297435657898
Male,Yes,0,Graduate,No,172.0,360.0,1.0,Semiurban,Y,8.651199471263972
Male,Yes,3,Graduate,No,110.0,360.0,1.0,Urban,Y,8.642238680390461
Male,Yes,1,Graduate,No,200.0,360.0,1.0,Semiurban,Y,8.835646922534773
Female,Yes,1,Graduate,No,135.0,360.0,1.0,Urban,Y,8.448057452581375
Female,No,0,Graduate,No,151.0,480.0,1.0,Rural,N,8.928110078202646
Male,Yes,1,Graduate,No,113.0,360.0,1.0,Urban,N,8.504918160540624
Male,Yes,0,Not Graduate,No,93.0,360.0,0.0,Urban,N,8.46252579007393
Male,Yes,0,Not Graduate,No,105.0,360.0,1.0,Semiurban,Y,8.439231649946526
Female,No,0,Graduate,No,132.0,360.0,1.0,Rural,Y,8.517193191416238
Male,Yes,1,Graduate,No,96.0,360.0,1.0,Urban,Y,8.13973227971767
Male,No,0,Graduate,No,140.0,360.0,1.0,Rural,Y,8.779557455883728
Male,No,0,Not Graduate,No,128.0,360.0,1.0,Urban,N,7.600902459542082
Female,No,0,Graduate,No,135.0,360.0,1.0,Rural,Y,8.59932602095476
Female,No,0,Graduate,No,104.0,360.0,0.0,Urban,N,8.35772841676521
Male,No,0,Graduate,No,480.0,360.0,1.0,Rural,N,9.915070213779195
Male,Yes,2,Not Graduate,No,185.0,360.0,1.0,Rural,Y,8.944680683558895
Female,No,0,Graduate,No,84.0,360.0,1.0,Semiurban,Y,7.978310969867722
Male,No,0,Not Graduate,No,111.0,360.0,1.0,Semiurban,Y,8.5814816812986
Female,No,0,Graduate,No,56.0,360.0,1.0,Rural,Y,7.826842098158293
Male,Yes,2,Graduate,Yes,144.0,84.0,1.0,Rural,Y,8.656259239539235
Male,Yes,0,Graduate,No,159.0,360.0,1.0,Rural,N,8.370084326378025
Male,Yes,1,Not Graduate,No,111.0,180.0,1.0,Urban,Y,8.524962928680598
Male,Yes,2,Graduate,No,120.0,360.0,1.0,Semiurban,Y,8.220672170297252
Male,Yes,0,Graduate,No,88.0,360.0,1.0,Urban,Y,8.340933226000878
Female,No,1,Graduate,No,112.0,360.0,1.0,Semiurban,Y,8.172164452111904
Male,Yes,1,Graduate,Yes,155.0,360.0,1.0,Rural,N,9.210340371976184
Male,Yes,0,Graduate,No,115.0,360.0,1.0,Semiurban,Y,8.426611813185
Male,Yes,3,Graduate,No,124.0,360.0,1.0,Semiurban,Y,8.418697944667139
Male,Yes,2,Not Graduate,No,128.0,360.0,1.0,Rural,Y,8.55468163582723
Female,No,0,Graduate,No,132.0,360.0,1.0,Rural,Y,8.724369949208368
Male,Yes,3,Graduate,No,300.0,360.0,1.0,Rural,Y,9.615805480084347
Male,Yes,1,Graduate,Yes,376.0,360.0,0.0,Rural,N,9.521421537856195
Male,No,0,Graduate,No,130.0,360.0,0.0,Rural,Y,8.50045386741194
Male,Yes,0,Graduate,Yes,184.0,360.0,1.0,Semiurban,Y,8.984443032465352
Female,Yes,0,Graduate,No,110.0,360.0,1.0,Urban,N,8.822322177471738
Female,No,0,Graduate,No,67.0,360.0,1.0,Urban,Y,7.824046010856292
Male,No,1,Graduate,No,117.0,360.0,1.0,Urban,Y,8.728587995695898
Male,No,0,Graduate,No,98.0,360.0,1.0,Semiurban,Y,7.984462732262196
Male,No,0,Graduate,No,71.0,360.0,1.0,Urban,Y,7.949091499830517
Male,Yes,0,Graduate,No,490.0,180.0,1.0,Urban,Y,11.05622495553552
Male,Yes,1,Graduate,Yes,182.0,180.0,1.0,Urban,Y,9.364433907313582
Male,Yes,0,Graduate,Yes,70.0,360.0,1.0,Semiurban,Y,9.209640126861789
Male,Yes,1,Graduate,No,160.0,360.0,1.0,Rural,Y,8.689127655323706
Male,Yes,2,Graduate,Yes,176.0,360.0,1.0,Rural,Y,8.867850063029406
Female,No,3,Not Graduate,No,128.0,360.0,0.0,Urban,N,7.512071245835466
Female,No,0,Graduate,No,71.0,360.0,1.0,Semiurban,Y,8.333270353255308
Male,Yes,3,Not Graduate,No,173.0,360.0,1.0,Rural,N,8.350902451694811
Female,No,0,Graduate,No,46.0,360.0,1.0,Rural,N,7.774015077250727
Male,Yes,1,Not Graduate,No,158.0,360.0,1.0,Urban,Y,8.662677858158219
Male,Yes,3,Not Graduate,No,74.0,360.0,1.0,Semiurban,Y,8.062432791583195
Male,Yes,2,Graduate,No,125.0,360.0,1.0,Rural,Y,8.499640032168648
Male,Yes,0,Graduate,No,160.0,360.0,1.0,Semiurban,Y,8.508555998020574
Male,Yes,0,Not Graduate,No,152.0,360.0,0.0,Rural,N,8.817742129574842
Male,Yes,2,Not Graduate,No,126.0,360.0,1.0,Urban,Y,8.566173813637858
Male,Yes,0,Graduate,No,259.0,360.0,1.0,Semiurban,Y,9.29798488182823
Male,Yes,0,Graduate,No,187.0,360.0,1.0,Rural,Y,9.090993614343617
Male,Yes,0,Graduate,No,228.0,360.0,1.0,Semiurban,Y,9.114159813502214
Male,No,0,Graduate,No,308.0,360.0,1.0,Rural,N,9.466299552232016
Male,Yes,3,Graduate,No,95.0,360.0,1.0,Rural,Y,8.465689348549121
Female,Yes,0,Graduate,Yes,105.0,360.0,0.0,Rural,N,8.612503371220562
Female,Yes,0,Graduate,No,130.0,360.0,1.0,Semiurban,Y,7.982074875081202
Female,No,0,Graduate,No,116.0,180.0,1.0,Urban,Y,8.246171559857563
Male,Yes,2,Graduate,No,165.0,360.0,1.0,Rural,Y,9.350102314351341
Male,Yes,1,Graduate,No,67.0,360.0,1.0,Urban,N,8.262300941787448
Male,Yes,0,Not Graduate,No,100.0,480.0,0.0,Urban,N,8.448057452581375
Male,Yes,3,Graduate,No,200.0,360.0,1.0,Semiurban,Y,9.0280988119824
Female,No,1,Graduate,No,81.0,360.0,1.0,Semiurban,N,8.460199469896118
Male,Yes,2,Graduate,No,236.0,360.0,1.0,Semiurban,Y,9.067277989134345
Male,Yes,0,Graduate,No,130.0,360.0,1.0,Urban,Y,8.865452825753623
Male,Yes,0,Graduate,No,95.0,300.0,1.0,Urban,Y,8.707152175339404
Male,No,0,Graduate,Yes,141.0,360.0,1.0,Rural,Y,8.82790796297859
Male,No,0,Not Graduate,No,133.0,360.0,1.0,Rural,N,8.734881892047483
Male,No,0,Graduate,No,96.0,480.0,1.0,Semiurban,N,7.824046010856292
Male,No,0,Graduate,No,124.0,360.0,0.0,Rural,N,8.541690663016626
Male,Yes,1,Graduate,No,175.0,360.0,1.0,Semiurban,Y,8.752265313595721
Male,Yes,0,Graduate,No,570.0,360.0,1.0,Rural,N,10.126471091048971
Female,No,0,Graduate,Yes,55.0,360.0,1.0,Semiurban,Y,9.665166909622071
Male,Yes,2,Graduate,No,155.0,360.0,1.0,Semiurban,Y,8.553525120663627
Male,Yes,2,Graduate,Yes,380.0,300.0,1.0,Rural,Y,9.752432077616172
Male,No,1,Graduate,No,111.0,180.0,0.0,Urban,N,8.526945482858915
Female,No,0,Graduate,No,110.0,360.0,1.0,Urban,Y,8.348301054933943
Male,Yes,0,Graduate,No,120.0,180.0,1.0,Urban,Y,8.655214489313613
Male,Yes,3,Graduate,No,130.0,360.0,1.0,Rural,Y,9.52850315168155
Male,Yes,0,Graduate,No,130.0,360.0,1.0,Semiurban,Y,8.368693183097793
Male,No,0,Graduate,No,71.0,480.0,1.0,Urban,N,8.029107054619736
Male,Yes,2,Graduate,No,130.0,360.0,1.0,Urban,Y,8.592486175451668
Male,Yes,0,Graduate,No,128.0,360.0,1.0,Semiurban,Y,8.671286726753637
Male,No,0,Graduate,No,296.0,360.0,1.0,Semiurban,Y,9.227492430793749
Female,No,0,Graduate,No,156.0,360.0,1.0,Urban,Y,8.699514748210191
Male,No,0,Graduate,Yes,128.0,360.0,1.0,Urban,Y,8.877242435993919
Male,Yes,2,Graduate,No,100.0,360.0,1.0,Urban,N,8.42639282708974
Male,No,1,Graduate,No,113.0,180.0,1.0,Urban,Y,8.207129168071326
Male,No,0,Not Graduate,No,132.0,360.0,1.0,Semiurban,Y,8.28045768658256
Male,Yes,0,Not Graduate,No,128.0,360.0,0.0,Urban,N,8.72355674269043
Male,Yes,0,Graduate,No,136.0,360.0,1.0,Urban,Y,8.465899897028686
Male,Yes,0,Graduate,No,125.0,360.0,1.0,Rural,Y,8.610319169405722
Male,No,3,Graduate,No,185.0,360.0,1.0,Rural,Y,9.123365357961776
Male,Yes,3,Graduate,No,275.0,360.0,1.0,Rural,Y,9.159468041602427
Male,Yes,0,Graduate,No,120.0,360.0,1.0,Urban,Y,8.454892165218858
Male,Yes,2,Not Graduate,No,113.0,180.0,1.0,Semiurban,Y,8.193676665955241
Male,Yes,2,Graduate,No,113.0,360.0,1.0,Urban,Y,8.411832675758411
Male,Yes,2,Graduate,No,135.0,360.0,1.0,Semiurban,Y,8.23217423638394
Female,No,0,Graduate,No,71.0,360.0,0.0,Urban,N,8.064636475774222
Male,Yes,0,Graduate,No,95.0,360.0,1.0,Urban,Y,8.410053315858335
Male,No,0,Not Graduate,No,109.0,360.0,1.0,Rural,Y,8.624791202014256
Female,No,0,Graduate,No,103.0,360.0,0.0,Semiurban,N,8.101677747454572
Male,Yes,2,Not Graduate,No,45.0,180.0,0.0,Urban,N,7.968665700466235
Male,No,0,Not Graduate,No,65.0,300.0,1.0,Rural,N,7.9211727215870145
Male,No,0,Graduate,No,103.0,360.0,1.0,Semiurban,Y,10.021270588192511
Female,No,0,Not Graduate,No,53.0,360.0,1.0,Semiurban,Y,7.5822291942764615
Female,No,0,Graduate,Yes,194.0,360.0,1.0,Rural,N,8.914760527397261
Female,No,0,Graduate,No,115.0,360.0,1.0,Semiurban,Y,8.42222295382501
Male,Yes,0,Not Graduate,No,115.0,360.0,1.0,Urban,Y,8.426611813185
Female,No,0,Not Graduate,No,66.0,360.0,1.0,Rural,Y,7.70210434005105
Male,Yes,1,Graduate,No,152.0,300.0,0.0,Semiurban,N,9.02401079378469
Male,Yes,3,Graduate,No,360.0,360.0,0.0,Rural,N,11.302204433654575
Female,No,1,Not Graduate,Yes,62.0,360.0,1.0,Semiurban,N,8.260234291607297
Male,Yes,0,Graduate,No,160.0,360.0,1.0,Urban,Y,8.741296282225147
Male,Yes,0,Not Graduate,No,218.0,360.0,0.0,Rural,N,8.715388097366482
Male,Yes,0,Not Graduate,No,110.0,360.0,1.0,Rural,Y,8.363109176033522
Female,Yes,0,Not Graduate,No,178.0,360.0,0.0,Semiurban,N,8.591558273371545
Female,No,0,Graduate,No,60.0,360.0,1.0,Urban,Y,8.00469951054955
Female,No,1,Graduate,No,160.0,360.0,1.0,Urban,N,7.8632667240095735
Male,Yes,2,Graduate,Yes,239.0,360.0,1.0,Urban,N,9.980448593672257
Male,Yes,0,Graduate,No,112.0,360.0,1.0,Rural,Y,8.242229891372231
Male,Yes,0,Graduate,No,138.0,360.0,1.0,Semiurban,Y,8.44741429680832
Male,Yes,0,Graduate,No,138.0,360.0,1.0,Rural,Y,8.67060073804555
Female,No,0,Not Graduate,No,80.0,360.0,0.0,Urban,N,7.908387159290043
Male,Yes,0,Graduate,No,100.0,360.0,1.0,Urban,Y,8.171599480345463
Male,Yes,1,Graduate,No,110.0,360.0,0.0,Urban,N,9.095714846134879
Male,Yes,0,Graduate,No,96.0,360.0,1.0,Semiurban,Y,9.607773308387083
Male,Yes,0,Graduate,No,121.0,360.0,1.0,Rural,Y,8.848796450925947
Female,No,1,Not Graduate,No,81.0,360.0,1.0,Rural,N,8.43511508038063
Male,Yes,2,Graduate,No,133.0,360.0,1.0,Semiurban,Y,8.688622307043769
Male,Yes,0,Graduate,No,87.0,360.0,1.0,Rural,Y,7.984844261119869
Male,No,0,Not Graduate,No,60.0,180.0,1.0,Urban,Y,7.907283609426348
Female,No,1,Graduate,Yes,150.0,360.0,1.0,Semiurban,Y,9.06230429314878
Male,No,0,Graduate,No,105.0,360.0,0.0,Rural,N,8.779557455883728
Male,No,0,Graduate,No,405.0,360.0,1.0,Semiurban,Y,9.463120392418698
Male,Yes,0,Graduate,No,143.0,360.0,1.0,Semiurban,Y,8.469052816088302
Male,No,0,Graduate,No,100.0,360.0,1.0,Urban,Y,8.229511118964457
Female,Yes,0,Graduate,No,128.0,240.0,1.0,Semiurban,Y,9.215029361462314
Male,No,0,Graduate,No,50.0,360.0,1.0,Semiurban,Y,8.236685322712457
Male,Yes,0,Graduate,No,128.0,360.0,1.0,Urban,Y,8.11312710422178
Male,No,0,Graduate,Yes,187.0,360.0,0.0,Urban,N,9.251098364448351
Female,Yes,0,Not Graduate,Yes,138.0,360.0,1.0,Rural,Y,8.873748128154395
Male,No,0,Graduate,No,187.0,360.0,1.0,Semiurban,Y,9.07383312732152
Male,Yes,0,Graduate,No,180.0,360.0,1.0,Rural,Y,9.1833801903934
Male,No,3,Not Graduate,No,148.0,360.0,1.0,Semiurban,Y,8.809862805379057
Male,No,1,Graduate,No,152.0,360.0,1.0,Semiurban,Y,10.537919225261291
Male,Yes,0,Graduate,No,175.0,300.0,1.0,Rural,Y,9.659248037927183
Male,Yes,1,Graduate,Yes,130.0,360.0,1.0,Rural,Y,8.450198322591959
Male,Yes,2,Not Graduate,No,110.0,360.0,1.0,Rural,Y,8.445052513638554
Male,Yes,0,Graduate,No,55.0,360.0,1.0,Rural,N,8.500047032581268
Male,Yes,2,Graduate,No,150.0,360.0,0.0,Rural,N,8.527143522269405
Male,No,1,Not Graduate,Yes,190.0,360.0,1.0,Semiurban,N,8.368925174747135
Male,Yes,2,Not Graduate,No,125.0,360.0,0.0,Rural,N,8.1786387885907
Male,Yes,2,Not Graduate,No,60.0,300.0,1.0,Urban,Y,8.135639903354386
Male,Yes,0,Graduate,No,149.0,360.0,0.0,Rural,N,8.644882552557126
Male,Yes,0,Graduate,No,90.0,180.0,0.0,Rural,Y,8.506940814951886
Male,No,0,Graduate,Yes,84.0,360.0,1.0,Semiurban,Y,8.865735152124781
Male,Yes,2,Graduate,No,96.0,360.0,1.0,Semiurban,Y,8.258163361537619
Male,Yes,0,Graduate,No,118.0,360.0,1.0,Urban,Y,8.366602832783736
Male,Yes,0,Graduate,No,173.0,360.0,1.0,Urban,N,8.744647438317532
Male,No,2,Graduate,No,136.0,360.0,1.0,Rural,Y,8.378850241794492
Male,Yes,0,Graduate,No,160.0,360.0,1.0,Semiurban,N,9.0280988119824
Male,Yes,0,Graduate,Yes,160.0,360.0,1.0,Semiurban,Y,8.726805608446096
Male,Yes,3,Graduate,No,128.0,180.0,1.0,Urban,Y,8.954156966583772
Male,Yes,0,Graduate,No,153.0,360.0,1.0,Rural,Y,8.556990661290303
Female,No,1,Not Graduate,No,132.0,360.0,1.0,Semiurban,Y,8.55468163582723
Male,No,0,Graduate,No,98.0,360.0,0.0,Semiurban,N,8.334711621820917
Male,No,0,Graduate,No,140.0,360.0,1.0,Rural,Y,8.699514748210191
Male,Yes,3,Not Graduate,No,70.0,180.0,0.0,Urban,N,8.436200032206706
Male,Yes,0,Graduate,No,110.0,360.0,1.0,Semiurban,Y,9.722684841711443
Female,Yes,2,Not Graduate,No,98.0,360.0,1.0,Semiurban,Y,8.047829357457841
Male,Yes,0,Graduate,No,110.0,360.0,1.0,Urban,N,8.822322177471738
Male,Yes,1,Graduate,Yes,162.0,360.0,1.0,Semiurban,Y,8.617762246337932
Male,Yes,1,Not Graduate,No,113.0,180.0,0.0,Rural,N,8.331586243630754
Male,Yes,3,Graduate,No,100.0,360.0,1.0,Semiurban,Y,8.453401058328458
Female,No,0,Graduate,Yes,93.0,360.0,1.0,Urban,Y,7.824046010856292
Male,No,2,Graduate,No,162.0,360.0,1.0,Rural,Y,9.228180290104513
Male,Yes,2,Graduate,Yes,150.0,360.0,1.0,Rural,Y,9.772182251758139
Male,Yes,2,Graduate,No,230.0,300.0,1.0,Semiurban,Y,9.041921720351219
Male,Yes,2,Graduate,No,132.0,360.0,0.0,Semiurban,N,8.464846711044029
Male,Yes,1,Graduate,Yes,86.0,360.0,1.0,Semiurban,Y,9.847816267665664
Male,Yes,2,Graduate,No,128.0,360.0,1.0,Urban,N,8.422882511944996
Female,No,0,Not Graduate,No,154.0,360.0,1.0,Rural,Y,8.37793112408273
Male,Yes,3,Not Graduate,No,113.0,360.0,1.0,Rural,Y,8.037543185118697
Male,Yes,0,Graduate,No,128.0,360.0,1.0,Semiurban,Y,8.562740006372207
Male,Yes,0,Graduate,No,234.0,360.0,1.0,Semiurban,Y,9.290352309945568
Male,Yes,2,Graduate,No,246.0,360.0,1.0,Semiurban,Y,9.027978814382207
Male,Yes,1,Not Graduate,No,131.0,360.0,1.0,Rural,Y,8.387995252944556
Male,No,2,Graduate,No,80.0,360.0,0.0,Rural,N,8.173857454773621
Male,Yes,1,Graduate,No,500.0,360.0,1.0,Urban,N,9.816457993563025
Male,Yes,2,Graduate,Yes,160.0,360.0,1.0,Semiurban,Y,8.804775258867686
Male,No,0,Graduate,No,75.0,360.0,1.0,Urban,N,7.79770203551669
Male,No,0,Not Graduate,No,96.0,360.0,1.0,Semiurban,Y,8.609590040682205
Male,Yes,1,Not Graduate,No,186.0,360.0,1.0,Urban,Y,8.774003600200931
Male,No,0,Not Graduate,No,110.0,360.0,1.0,Rural,Y,8.213652703029998
Female,No,0,Not Graduate,Yes,225.0,360.0,1.0,Semiurban,Y,9.756320761816548
Male,Yes,0,Graduate,No,119.0,360.0,0.0,Rural,N,8.657650544111494
Female,Yes,1,Graduate,No,105.0,84.0,1.0,Semiurban,Y,8.352082671352637
Male,Yes,0,Not Graduate,No,107.0,360.0,1.0,Rural,Y,8.366370301681654
Male,Yes,0,Graduate,No,111.0,12.0,1.0,Urban,Y,8.920255414908091
Male,Yes,1,Graduate,Yes,95.0,360.0,1.0,Semiurban,Y,7.970740390007095
Male,No,0,Graduate,No,209.0,360.0,0.0,Rural,N,9.277905558138606
Female,No,0,Graduate,No,113.0,480.0,1.0,Rural,Y,8.372860820526318
Female,No,0,Graduate,No,100.0,360.0,1.0,Semiurban,Y,8.058010800802085
Male,Yes,2,Graduate,No,208.0,360.0,1.0,Semiurban,Y,9.258082367961604
Male,Yes,1,Not Graduate,No,138.0,360.0,1.0,Rural,N,9.143345503151904
Male,Yes,0,Not Graduate,No,124.0,300.0,1.0,Semiurban,Y,8.574895901544526
Male,Yes,2,Graduate,No,243.0,360.0,1.0,Rural,Y,8.97790377375038
Male,Yes,0,Graduate,No,480.0,360.0,1.0,Urban,Y,10.221941283654663
Male,No,0,Graduate,No,96.0,360.0,1.0,Urban,N,8.183955717304954
Male,Yes,0,Graduate,Yes,188.0,360.0,1.0,Urban,Y,8.61104776688786
Female,No,1,Graduate,No,40.0,360.0,1.0,Urban,Y,9.492658081928813
Male,No,0,Not Graduate,No,100.0,360.0,1.0,Rural,N,8.493924564476883
Male,Yes,1,Graduate,No,250.0,360.0,1.0,Semiurban,Y,8.995784837848506
Male,Yes,2,Graduate,No,148.0,360.0,1.0,Urban,Y,8.578852571802965
Male,Yes,0,Graduate,No,70.0,180.0,1.0,Semiurban,N,9.082052351674651
Male,No,0,Graduate,No,311.0,360.0,1.0,Rural,N,9.15704507491796
Male,Yes,3,Graduate,No,150.0,360.0,1.0,Rural,Y,8.83840674707681
Female,Yes,2,Graduate,No,113.0,480.0,1.0,Semiurban,Y,8.206037762778815
Male,Yes,0,Not Graduate,No,123.0,360.0,0.0,Semiurban,N,8.491670234185152
Male,No,0,Graduate,No,185.0,360.0,1.0,Semiurban,N,8.794521851788527
Female,No,0,Not Graduate,No,95.0,360.0,1.0,Rural,N,8.131530710604252
Male,Yes,2,Not Graduate,No,45.0,360.0,1.0,Semiurban,Y,8.277411998949004
Male,No,0,Graduate,No,55.0,360.0,1.0,Semiurban,Y,7.824046010856292
Male,Yes,3,Graduate,Yes,100.0,360.0,1.0,Rural,Y,8.867990898182093
Male,Yes,2,Graduate,Yes,480.0,360.0,1.0,Rural,Y,9.623376745580666
Male,No,0,Graduate,No,128.0,360.0,1.0,Semiurban,N,8.819813136232225
Male,Yes,2,Graduate,Yes,400.0,360.0,1.0,Rural,Y,9.769956159911606
Male,Yes,0,Graduate,No,110.0,360.0,1.0,Semiurban,Y,8.236155661683124
Male,Yes,1,Not Graduate,No,161.0,360.0,0.0,Semiurban,Y,8.812099108957337
Male,No,1,Not Graduate,No,94.0,360.0,1.0,Semiurban,Y,8.289288323000317
Male,No,0,Not Graduate,No,130.0,360.0,1.0,Semiurban,Y,8.82217476094608
Male,Yes,0,Graduate,No,216.0,360.0,1.0,Rural,Y,8.783396232190894
Male,Yes,3,Graduate,No,100.0,360.0,1.0,Urban,Y,8.361941906144946
Male,No,2,Graduate,No,110.0,360.0,0.0,Rural,N,8.185350223178686
Male,No,1,Graduate,No,196.0,360.0,1.0,Semiurban,N,9.328123407632566
Female,No,0,Not Graduate,Yes,125.0,360.0,1.0,Urban,Y,9.807251944655302
Male,No,0,Not Graduate,No,126.0,360.0,1.0,Rural,Y,8.432070937999402
Male,Yes,0,Graduate,No,324.0,360.0,1.0,Urban,Y,9.214232786691527
Male,No,2,Graduate,No,107.0,360.0,1.0,Semiurban,Y,8.193400231952097
Male,Yes,0,Not Graduate,No,66.0,360.0,1.0,Rural,N,8.146998697389993
Male,Yes,3,Graduate,No,157.0,180.0,1.0,Rural,Y,8.766705997750515
Female,Yes,1,Graduate,No,140.0,180.0,1.0,Semiurban,Y,8.916371914881694
Female,No,0,Graduate,No,99.0,360.0,0.0,Semiurban,N,7.6676260915849905
Female,No,1,Graduate,No,95.0,360.0,1.0,Semiurban,Y,8.20303024171486
Male,Yes,1,Not Graduate,No,128.0,360.0,1.0,Urban,Y,8.46863300080086
Female,Yes,0,Not Graduate,No,102.0,360.0,1.0,Semiurban,Y,8.210668031162976
Male,Yes,0,Graduate,No,155.0,360.0,1.0,Rural,Y,8.45914025996762
Male,No,0,Not Graduate,No,80.0,36.0,1.0,Semiurban,N,8.119100837637486
Male,No,0,Graduate,No,145.0,360.0,1.0,Rural,Y,8.368461137615839
Female,No,0,Graduate,No,103.0,360.0,0.0,Semiurban,N,8.517193191416238
Male,Yes,0,Graduate,No,110.0,360.0,1.0,Rural,Y,8.476579508530941
Male,Yes,2,Graduate,Yes,128.0,360.0,0.0,Rural,N,8.799812469525556
Male,Yes,1,Not Graduate,No,128.0,360.0,1.0,Rural,Y,8.490233009833455
Male,Yes,1,Graduate,No,158.0,360.0,1.0,Urban,Y,8.792245847467877
Male,Yes,0,Not Graduate,No,181.0,360.0,0.0,Urban,N,8.473659189392508
Male,Yes,0,Graduate,No,132.0,180.0,0.0,Rural,N,8.969414650866176
Male,Yes,1,Graduate,No,26.0,360.0,1.0,Semiurban,Y,8.779557455883728
Female,No,0,Graduate,No,84.0,360.0,1.0,Urban,Y,8.36450810375059
Male,Yes,3,Graduate,Yes,260.0,360.0,1.0,Semiurban,Y,9.22414465295258
Male,Yes,0,Graduate,No,162.0,360.0,1.0,Semiurban,Y,8.78813593986372
Female,Yes,0,Graduate,No,182.0,360.0,1.0,Semiurban,Y,8.777401286867264
Male,Yes,2,Not Graduate,No,108.0,360.0,1.0,Semiurban,Y,8.27308133366583
Female,Yes,1,Graduate,Yes,600.0,360.0,1.0,Semiurban,Y,9.877348894926433
Male,Yes,0,Graduate,No,211.0,360.0,1.0,Rural,Y,8.984317679911129
Male,No,0,Not Graduate,Yes,132.0,360.0,1.0,Semiurban,Y,8.66561319653451
Male,Yes,2,Graduate,No,258.0,360.0,0.0,Urban,N,9.08239335764556
Male,Yes,0,Not Graduate,No,120.0,360.0,1.0,Rural,Y,8.404472321352118
Male,No,0,Graduate,No,70.0,360.0,1.0,Urban,Y,8.11162807830774
Male,Yes,3,Graduate,No,123.0,360.0,0.0,Rural,N,8.68270762989381
Female,No,0,Graduate,No,9.0,360.0,1.0,Urban,N,7.774015077250727
Male,Yes,0,Graduate,No,104.0,360.0,0.0,Urban,N,8.56216655705897
Male,Yes,1,Graduate,No,186.0,360.0,1.0,Urban,Y,8.550047528287184
Male,Yes,0,Graduate,No,165.0,360.0,0.0,Urban,N,8.789812386190972
Male,Yes,2,Graduate,No,275.0,360.0,1.0,Urban,Y,9.721125994942152
Male,Yes,2,Not Graduate,No,187.0,480.0,1.0,Semiurban,N,8.955448122347393
Male,Yes,3,Graduate,No,150.0,360.0,1.0,Semiurban,N,8.764990330169104
Male,Yes,2,Graduate,No,108.0,84.0,1.0,Urban,Y,8.194229304819817
Male,Yes,0,Graduate,No,136.0,360.0,0.0,Semiurban,N,8.574895901544526
Male,No,0,Graduate,No,110.0,360.0,1.0,Urban,Y,8.694167141883597
Male,Yes,1,Graduate,No,107.0,360.0,1.0,Rural,Y,8.297543529356284
Male,No,0,Graduate,No,161.0,360.0,1.0,Urban,Y,8.715880102296456
Male,Yes,2,Graduate,No,205.0,360.0,1.0,Semiurban,Y,8.785692444451245
Male,No,0,Graduate,No,90.0,360.0,1.0,Urban,N,10.482149379105689
Female,Yes,0,Graduate,No,36.0,360.0,1.0,Semiurban,Y,8.060224240440958
Male,Yes,1,Graduate,No,61.0,360.0,1.0,Rural,N,7.539027055823995
Male,Yes,1,Graduate,No,146.0,360.0,0.0,Rural,N,8.456168489578463
Male,Yes,1,Graduate,No,172.0,84.0,1.0,Rural,N,8.893298144217916
Male,Yes,0,Graduate,No,104.0,360.0,1.0,Urban,Y,8.247743887225516
Female,No,0,Not Graduate,No,70.0,360.0,1.0,Semiurban,Y,7.68017564043659
Male,No,0,Graduate,No,94.0,360.0,1.0,Semiurban,Y,8.465899897028686
Male,Yes,2,Graduate,Yes,106.0,360.0,0.0,Semiurban,N,7.9105906122564775
Male,Yes,0,Graduate,No,56.0,180.0,1.0,Semiurban,Y,8.766550149546351
Male,Yes,2,Graduate,Yes,205.0,240.0,1.0,Semiurban,N,8.699514748210191
Male,No,3,Graduate,Yes,292.0,360.0,1.0,Semiurban,Y,9.143880005275912
Male,Yes,0,Graduate,No,142.0,180.0,1.0,Rural,Y,8.876125585396185
Male,Yes,0,Graduate,Yes,260.0,360.0,1.0,Urban,Y,9.68781601606062
Male,No,0,Not Graduate,No,110.0,360.0,1.0,Rural,Y,8.251403065380556
Male,Yes,2,Not Graduate,Yes,187.0,360.0,1.0,Rural,N,8.906935339059165
Male,No,0,Graduate,No,88.0,360.0,0.0,Semiurban,N,8.00202481821611
Male,Yes,0,Graduate,Yes,180.0,360.0,1.0,Rural,Y,9.206633510044856
Male,Yes,2,Graduate,No,192.0,360.0,1.0,Urban,Y,8.662158961666423
Female,No,3,Graduate,No,350.0,180.0,1.0,Urban,N,10.647399137646048
Male,Yes,0,Not Graduate,No,155.0,360.0,1.0,Rural,Y,8.645762292210945
Male,Yes,3,Graduate,No,128.0,360.0,1.0,Urban,Y,8.648747631156539
Male,No,0,Graduate,No,172.0,360.0,1.0,Rural,Y,8.984317679911129
Female,Yes,1,Graduate,No,496.0,360.0,1.0,Semiurban,Y,9.392661928770137
Male,Yes,0,Not Graduate,No,128.0,180.0,1.0,Urban,N,8.732304571033183
Male,Yes,1,Graduate,No,173.0,360.0,1.0,Semiurban,Y,8.68270762989381
Male,Yes,2,Not Graduate,No,157.0,360.0,1.0,Rural,Y,8.59378379357795
Male,Yes,0,Graduate,No,108.0,360.0,1.0,Rural,Y,8.552946361122055
Female,No,0,Graduate,No,71.0,360.0,1.0,Rural,Y,7.9724660159745655
Male,Yes,3,Graduate,No,40.0,180.0,1.0,Rural,Y,8.32020459757888
Male,Yes,1,Graduate,No,253.0,360.0,1.0,Urban,Y,9.025455532779063
Male,Yes,2,Graduate,No,187.0,360.0,1.0,Urban,Y,8.933664178700935
Female,No,0,Graduate,Yes,133.0,360.0,0.0,Semiurban,N,8.430109084509125
